{"Italy": {"dates": [737514.0, 737515.0, 737516.0, 737517.0, 737518.0, 737519.0, 737520.0, 737521.0, 737522.0, 737523.0, 737524.0, 737525.0, 737526.0, 737527.0], "deaths": [4428.162222548064, 5137.281547431849, 5917.149082895863, 6744.014676062787, 7610.3796906187345, 8512.69607432971, 9408.280095392794, 10273.405747539538, 11103.829899051823, 11863.965027739643, 12536.681921600742, 13111.122290395273, 13578.022442997462, 13944.680544882038], "deaths_low": [1953.3713449717686, 2252.644358695378, 2569.332759907376, 2709.2209760357628, 2853.537264680336, 3002.2816258411017, 3155.9053992036265, 3312.999544267962, 3470.5708529660574, 3628.5266344191227, 3786.86688862714, 3945.5916155900995, 4104.70081530802, 4264.136668587402], "deaths_high": [12926.821570340302, 14713.443571076561, 16392.098557303307, 17912.7688456787, 19197.151289624813, 20192.668697309608, 20869.137275262325, 21264.351589616388, 21387.215535394513, 21232.82843405094, 20934.850168601424, 20487.559342558496, 19807.565169319587, 19029.49964461189]}, "Spain": {"dates": [737514.0, 737515.0, 737516.0, 737517.0, 737518.0, 737519.0, 737520.0, 737521.0, 737522.0, 737523.0, 737524.0, 737525.0, 737526.0, 737527.0], "deaths": [1975.5274942403394, 2344.7846040641525, 2764.0742510755717, 3239.822265094921, 3773.3633398451893, 4353.8027054458435, 4983.068823532958, 5655.319552500605, 6341.285260543256, 7032.992476573912, 7724.579415246219, 8379.409719875883, 8985.40598922329, 9534.54497668997], "deaths_low": [904.4034594808728, 1055.3005714235512, 1225.1572610104806, 1420.1718613966718, 1640.326229890882, 1865.9549592616177, 1971.1104601042252, 2080.1863933293475, 2192.3371891490465, 2306.6837691618084, 2423.18519024672, 2541.841452403795, 2662.6525556330153, 2785.618499934389], "deaths_high": [5845.648737405594, 6975.1393566379975, 8263.567557913, 9640.689916995438, 11014.443142436072, 12350.178489811915, 13572.598845057852, 14618.807695343923, 15453.981905292683, 16058.425413215607, 16389.41607318854, 16566.0476800297, 16550.474508916774, 16374.944517677202]}}